﻿<?xml version="1.0" encoding="utf-8" standalone="no" ?>
<modDesc descVersion="90">
    <author>Mario</author>
    <version>1.0.0.0</version>
    <title>
        <en>Feldsammmler</en>
    </title>
    <description>
        <en>Sammelt fast alles was in einen Kipper passt, Bei zuviel Masse sollte man langsamfahren sonst bleibt es liegen</en>
    </description>
    <iconFilename>store_nawaRoMaus.png</iconFilename>
    <storeItems>
        <storeItem xmlFilename="nawaRoMaus.xml"/>
    </storeItems>
	<multiplayer supported="true"/>
</modDesc>
